-- add user

insert into user (user_name, password) values ('vkunkel0', '123456');
insert into user (user_name, password) values ('ppulley1', '123456');
insert into user (user_name, password) values ('wkleinhausen2', '123456');
insert into user (user_name, password) values ('idoick3', '123456');
insert into user (user_name, password) values ('rpalin4', '123456');
insert into user (user_name, password) values ('lgillebride5', '123456');
insert into user (user_name, password) values ('rskylett6', '123456');
insert into user (user_name, password) values ('lgrossman7', '123456');
insert into user (user_name, password) values ('ralbro8', '123456');
insert into user (user_name, password) values ('jtwyford9', '123456');
insert into user (user_name, password) values ('groberdsa', '123456');
insert into user (user_name, password) values ('zolliffb', '123456');
insert into user (user_name, password) values ('ldaykinc', '123456');
insert into user (user_name, password) values ('cstanyardd', '123456');
insert into user (user_name, password) values ('scoatene', '123456');
insert into user (user_name, password) values ('dbretonf', '123456');
insert into user (user_name, password) values ('abristog', '123456');
insert into user (user_name, password) values ('kmacallisterh', '123456');
insert into user (user_name, password) values ('wforthi', '123456');
insert into user (user_name, password) values ('jpitcaithlyj', '123456');
insert into user (user_name, password) values ('ljoustk', '123456');
insert into user (user_name, password) values ('rdavsonl', '123456');
insert into user (user_name, password) values ('bbendem', '123456');
insert into user (user_name, password) values ('rlomazn', '123456');
insert into user (user_name, password) values ('ssauvano', '123456');
insert into user (user_name, password) values ('slatesp', '123456');
insert into user (user_name, password) values ('thradskyq', '123456');
insert into user (user_name, password) values ('dcherrettr', '123456');
insert into user (user_name, password) values ('pbisleys', '123456');
insert into user (user_name, password) values ('elockett', '123456');
insert into user (user_name, password) values ('admin', '123456');
insert into user (user_name, password) values ('mclarson0', '123456');
insert into user (user_name, password) values ('chancell1', '123456');
insert into user (user_name, password) values ('dranscome2', '123456');
insert into user (user_name, password) values ('tromeo3', '123456');
insert into user (user_name, password) values ('cpulman4', '123456');
insert into user (user_name, password) values ('mtorel5', '123456');
insert into user (user_name, password) values ('iyeats6', '123456');
insert into user (user_name, password) values ('ehevner7', '123456');
insert into user (user_name, password) values ('phover8', '123456');
insert into user (user_name, password) values ('sbirrel9', '123456');
insert into user (user_name, password) values ('ckoenea', '123456');
insert into user (user_name, password) values ('epaneb', '123456');
insert into user (user_name, password) values ('pgreggersenc', '123456');
insert into user (user_name, password) values ('ipottesd', '123456');
insert into user (user_name, password) values ('gsheepye', '123456');
insert into user (user_name, password) values ('wstrangwoodf', '123456');
insert into user (user_name, password) values ('gbarriballg', '123456');
insert into user (user_name, password) values ('ssodorh', '123456');
insert into user (user_name, password) values ('tchapplei', '123456');
insert into user (user_name, password) values ('abranchflowerj', '123456');
insert into user (user_name, password) values ('gabyssk', '123456');
insert into user (user_name, password) values ('wdanneill', '123456');
insert into user (user_name, password) values ('fgyurkom', '123456');
insert into user (user_name, password) values ('dmillardn', '123456');
insert into user (user_name, password) values ('daspinalo', '123456');
insert into user (user_name, password) values ('kduftonp', '123456');
insert into user (user_name, password) values ('cwilkensonq', '123456');
insert into user (user_name, password) values ('cmatteottir', '123456');
insert into user (user_name, password) values ('dciccos', '123456');
insert into user (user_name, password) values ('cquinceet', '123456');

-- add employee

insert into employee (id, name, gender, email, address, phone_number, user_name, id_card, day_of_birth, image) values (1, 'Blayne Prevost',0, 'bprevost0@bravesites.com', '89', '0904711635', 'abranchflowerj', '271181455', '1994-01-17', 'https://scontent.fsgn2-6.fna.fbcdn.net/v/t1.6435-9/54435713_1097858383733899_2565263526427885568_n.jpg_nc_cat=111&ccb=1-7&_nc_sid=ad2b24&_nc_ohc=PSCWCgK4qkYAX87Lrym&_nc_ht=scontent.fsgn2-6.fna&oh=00_AfDjvsYjb2F_NRjEbocvrJesou6qwcRdK5XDi3a3IaDyVw&oe=638C6C4E');
insert into employee (id, name, gender, email, address, phone_number, user_name, id_card, day_of_birth, image) values (2, 'Arnaldo Humphrys',0, 'ahumphrys1@seattletimes.com', '1', '0901458194', 'abristog', '970821850', '1983-07-13', 'https://scontent.fsgn2-6.fna.fbcdn.net/v/t1.6435-9/54435713_1097858383733899_2565263526427885568_n.jpg_nc_cat=111&ccb=1-7&_nc_sid=ad2b24&_nc_ohc=PSCWCgK4qkYAX87Lrym&_nc_ht=scontent.fsgn2-6.fna&oh=00_AfDjvsYjb2F_NRjEbocvrJesou6qwcRdK5XDi3a3IaDyVw&oe=638C6C4E');
insert into employee (id, name, gender, email, address, phone_number, user_name, id_card, day_of_birth, image) values (3, 'Diane Englefield',0, 'denglefield2@ihg.com', '84196', '0907741438', 'bbendem', '872766984', '1997-07-01', 'https://scontent.fsgn2-6.fna.fbcdn.net/v/t1.6435-9/54435713_1097858383733899_2565263526427885568_n.jp_nc_cat=111&ccb=1-7&_nc_sid=ad2b24&_nc_ohc=PSCWCgK4qkYAX87Lrym&_nc_ht=scontent.fsgn2-6.fna&oh=00_AfDjvsYjb2F_NRjEbocvrJesou6qwcRdK5XDi3a3IaDyVw&oe=638C6C4E');
insert into employee (id, name, gender, email, address, phone_number, user_name, id_card, day_of_birth, image) values (4, 'Trish Emett',1, 'temett3@si.edu', '0252', '0909550396', 'chancell1', '003583535', '1996-03-12', 'https://scontent.fsgn2-6.fna.fbcdn.net/v/t1.6435-9/54435713_1097858383733899_2565263526427885568_n.jp_nc_cat=111&ccb=1-7&_nc_sid=ad2b24&_nc_ohc=PSCWCgK4qkYAX87Lrym&_nc_ht=scontent.fsgn2-6.fna&oh=00_AfDjvsYjb2F_NRjEbocvrJesou6qwcRdK5XDi3a3IaDyVw&oe=638C6C4E');
insert into employee (id, name, gender, email, address, phone_number, user_name, id_card, day_of_birth, image) values (5, 'Eveline Scrancher',1, 'escrancher4@nasa.gov', '01', '0904111806', 'ckoenea', '719520951', '1986-05-25', 'https://scontent.fsgn2-6.fna.fbcdn.net/v/t1.6435-9/54435713_1097858383733899_2565263526427885568_n.jp_nc_cat=111&ccb=1-7&_nc_sid=ad2b24&_nc_ohc=PSCWCgK4qkYAX87Lrym&_nc_ht=scontent.fsgn2-6.fna&oh=00_AfDjvsYjb2F_NRjEbocvrJesou6qwcRdK5XDi3a3IaDyVw&oe=638C6C4E');
insert into employee (id, name, gender, email, address, phone_number, user_name, id_card, day_of_birth, image) values (6, 'Miner Pickin',1, 'mpickin5@eepurl.com', '9', '0901182013', 'cmatteottir', '232636916', '1998-06-16', 'https://scontent.fsgn2-6.fna.fbcdn.net/v/t1.6435-9/54435713_1097858383733899_2565263526427885568_n.jpg_nc_cat=111&ccb=1-7&_nc_sid=ad2b24&_nc_ohc=PSCWCgK4qkYAX87Lrym&_nc_ht=scontent.fsgn2-6.fna&oh=00_AfDjvsYjb2F_NRjEbocvrJesou6qwcRdK5XDi3a3IaDyVw&oe=638C6C4E');
insert into employee (id, name, gender, email, address, phone_number, user_name, id_card, day_of_birth, image) values (7, 'Kailey Sutliff',1, 'ksutliff6@nih.gov', '51', '0901369239', 'cpulman4', '113692928', '1995-11-24', 'https://scontent.fsgn2-6.fna.fbcdn.net/v/t1.6435-9/54435713_1097858383733899_2565263526427885568_n.jp_nc_cat=111&ccb=1-7&_nc_sid=ad2b24&_nc_ohc=PSCWCgK4qkYAX87Lrym&_nc_ht=scontent.fsgn2-6.fna&oh=00_AfDjvsYjb2F_NRjEbocvrJesou6qwcRdK5XDi3a3IaDyVw&oe=638C6C4E');
insert into employee (id, name, gender, email, address, phone_number, user_name, id_card, day_of_birth, image) values (8, 'Julia Chaston',1, 'jchaston7@github.com', '82333', '0904093102', 'cquinceet', '908722218', '1995-02-24', 'https://scontent.fsgn2-6.fna.fbcdn.net/v/t1.6435-9/54435713_1097858383733899_2565263526427885568_n.jpg_nc_cat=111&ccb=1-7&_nc_sid=ad2b24&_nc_ohc=PSCWCgK4qkYAX87Lrym&_nc_ht=scontent.fsgn2-6.fna&oh=00_AfDjvsYjb2F_NRjEbocvrJesou6qwcRdK5XDi3a3IaDyVw&oe=638C6C4E');
insert into employee (id, name, gender, email, address, phone_number, user_name, id_card, day_of_birth, image) values (9, 'Minta Habbin',1, 'mhabbin8@zimbio.com', '23', '0909527078', 'cstanyardd', '374401846', '2000-04-18', 'https://scontent.fsgn2-6.fna.fbcdn.net/v/t1.6435-9/54435713_1097858383733899_2565263526427885568_n.jpg_nc_cat=111&ccb=1-7&_nc_sid=ad2b24&_nc_ohc=PSCWCgK4qkYAX87Lrym&_nc_ht=scontent.fsgn2-6.fna&oh=00_AfDjvsYjb2F_NRjEbocvrJesou6qwcRdK5XDi3a3IaDyVw&oe=638C6C4E');
insert into employee (id, name, gender, email, address, phone_number, user_name, id_card, day_of_birth, image) values (10, 'Michale Sancho',1, 'msancho9@baidu.com', '1', '0906512372', 'cwilkensonq', '334047381', '1995-07-01', 'https://scontent.fsgn2-6.fna.fbcdn.net/v/t1.6435-9/54435713_1097858383733899_2565263526427885568_n.jpg_nc_cat=111&ccb=1-7&_nc_sid=ad2b24&_nc_ohc=PSCWCgK4qkYAX87Lrym&_nc_ht=scontent.fsgn2-6.fna&oh=00_AfDjvsYjb2F_NRjEbocvrJesou6qwcRdK5XDi3a3IaDyVw&oe=638C6C4E');
insert into employee (id, name, gender, email, address, phone_number, user_name, id_card, day_of_birth, image) values (11, 'Delano Sandyford',1, 'dsandyforda@drupal.org', '4', '0905583811', 'daspinalo', '084832658', '1986-01-16', 'https://scontent.fsgn2-6.fna.fbcdn.net/v/t1.6435-9/54435713_1097858383733899_2565263526427885568_n.jp_nc_cat=111&ccb=1-7&_nc_sid=ad2b24&_nc_ohc=PSCWCgK4qkYAX87Lrym&_nc_ht=scontent.fsgn2-6.fna&oh=00_AfDjvsYjb2F_NRjEbocvrJesou6qwcRdK5XDi3a3IaDyVw&oe=638C6C4E');
insert into employee (id, name, gender, email, address, phone_number, user_name, id_card, day_of_birth, image) values (12, 'Oralia Koppens',1, 'okoppensb@yelp.com', '32', '0905939819', 'dbretonf', '460811363', '1989-07-20', 'https://scontent.fsgn2-6.fna.fbcdn.net/v/t1.6435-9/54435713_1097858383733899_2565263526427885568_n.jp_nc_cat=111&ccb=1-7&_nc_sid=ad2b24&_nc_ohc=PSCWCgK4qkYAX87Lrym&_nc_ht=scontent.fsgn2-6.fna&oh=00_AfDjvsYjb2F_NRjEbocvrJesou6qwcRdK5XDi3a3IaDyVw&oe=638C6C4E');
insert into employee (id, name, gender, email, address, phone_number, user_name, id_card, day_of_birth, image) values (13, 'Deanne Denzey',1, 'ddenzeyc@msu.edu', '824', '0902566446', 'dcherrettr', '635410913', '2004-08-16', 'https://scontent.fsgn2-6.fna.fbcdn.net/v/t1.6435-9/54435713_1097858383733899_2565263526427885568_n.jp_nc_cat=111&ccb=1-7&_nc_sid=ad2b24&_nc_ohc=PSCWCgK4qkYAX87Lrym&_nc_ht=scontent.fsgn2-6.fna&oh=00_AfDjvsYjb2F_NRjEbocvrJesou6qwcRdK5XDi3a3IaDyVw&oe=638C6C4E');
insert into employee (id, name, gender, email, address, phone_number, user_name, id_card, day_of_birth, image) values (14, 'Violette O''Docherty',1, 'vodochertyd@soup.io', '2', '0908510903', 'dciccos', '758430952', '1995-01-17', 'https://scontent.fsgn2-6.fna.fbcdn.net/v/t1.6435-9/54435713_1097858383733899_2565263526427885568_n.jp_nc_cat=111&ccb=1-7&_nc_sid=ad2b24&_nc_ohc=PSCWCgK4qkYAX87Lrym&_nc_ht=scontent.fsgn2-6.fna&oh=00_AfDjvsYjb2F_NRjEbocvrJesou6qwcRdK5XDi3a3IaDyVw&oe=638C6C4E');
insert into employee (id, name, gender, email, address, phone_number, user_name, id_card, day_of_birth, image) values (15, 'Shantee Whitefoot',1, 'swhitefoote@trellian.com', '95', '0909545016', 'dmillardn', '937775866', '2003-10-02', 'https://scontent.fsgn2-6.fna.fbcdn.net/v/t1.6435-9/54435713_1097858383733899_2565263526427885568_n.jpg_nc_cat=111&ccb=1-7&_nc_sid=ad2b24&_nc_ohc=PSCWCgK4qkYAX87Lrym&_nc_ht=scontent.fsgn2-6.fna&oh=00_AfDjvsYjb2F_NRjEbocvrJesou6qwcRdK5XDi3a3IaDyVw&oe=638C6C4E');
insert into employee (id, name, gender, email, address, phone_number, user_name, id_card, day_of_birth, image) values (16, 'Isidro Champ',1, 'ichampf@flickr.com', '0', '0901292734', 'dranscome2', '396539765', '1989-09-05', 'https://scontent.fsgn2-6.fna.fbcdn.net/v/t1.6435-9/54435713_1097858383733899_2565263526427885568_n.jpg_nc_cat=111&ccb=1-7&_nc_sid=ad2b24&_nc_ohc=PSCWCgK4qkYAX87Lrym&_nc_ht=scontent.fsgn2-6.fna&oh=00_AfDjvsYjb2F_NRjEbocvrJesou6qwcRdK5XDi3a3IaDyVw&oe=638C6C4E');
insert into employee (id, name, gender, email, address, phone_number, user_name, id_card, day_of_birth, image) values (17, 'Gideon Ilewicz',1, 'gilewiczg@go.com', '56581', '0901252995', 'ehevner7', '339694635', '2003-04-30', 'https://scontent.fsgn2-6.fna.fbcdn.net/v/t1.6435-9/54435713_1097858383733899_2565263526427885568_n.jp_nc_cat=111&ccb=1-7&_nc_sid=ad2b24&_nc_ohc=PSCWCgK4qkYAX87Lrym&_nc_ht=scontent.fsgn2-6.fna&oh=00_AfDjvsYjb2F_NRjEbocvrJesou6qwcRdK5XDi3a3IaDyVw&oe=638C6C4E');
insert into employee (id, name, gender, email, address, phone_number, user_name, id_card, day_of_birth, image) values (18, 'Hirsch Pennyman',1, 'hpennymanh@pcworld.com', '254', '0908378090', 'elockett', '394650970', '2004-03-12', 'https://scontent.fsgn2-6.fna.fbcdn.net/v/t1.6435-9/54435713_1097858383733899_2565263526427885568_n.jpg_nc_cat=111&ccb=1-7&_nc_sid=ad2b24&_nc_ohc=PSCWCgK4qkYAX87Lrym&_nc_ht=scontent.fsgn2-6.fna&oh=00_AfDjvsYjb2F_NRjEbocvrJesou6qwcRdK5XDi3a3IaDyVw&oe=638C6C4E');
insert into employee (id, name, gender, email, address, phone_number, user_name, id_card, day_of_birth, image) values (19, 'Nerty Whelan',1, 'nwhelani@nydailynews.com', '7', '0908277605', 'epaneb', '403781203', '1987-08-12', 'https://scontent.fsgn2-6.fna.fbcdn.net/v/t1.6435-9/54435713_1097858383733899_2565263526427885568_n.jp_nc_cat=111&ccb=1-7&_nc_sid=ad2b24&_nc_ohc=PSCWCgK4qkYAX87Lrym&_nc_ht=scontent.fsgn2-6.fna&oh=00_AfDjvsYjb2F_NRjEbocvrJesou6qwcRdK5XDi3a3IaDyVw&oe=638C6C4E');
insert into employee (id, name, gender, email, address, phone_number, user_name, id_card, day_of_birth, image) values (20, 'Evie MacAloren',1, 'emacalorenj@sun.com', '946', '0901024144', 'fgyurkom', '694958151', '2000-01-16', 'https://scontent.fsgn2-6.fna.fbcdn.net/v/t1.6435-9/54435713_1097858383733899_2565263526427885568_n.jp_nc_cat=111&ccb=1-7&_nc_sid=ad2b24&_nc_ohc=PSCWCgK4qkYAX87Lrym&_nc_ht=scontent.fsgn2-6.fna&oh=00_AfDjvsYjb2F_NRjEbocvrJesou6qwcRdK5XDi3a3IaDyVw&oe=638C6C4E');
insert into employee (id, name, gender, email, address, phone_number, user_name, id_card, day_of_birth, image) values (21, 'Ezechiel Durbyn',0, 'edurbynk@google.co.uk', '28517', '0908770199', 'gabyssk', '338403808', '1999-02-26', 'https://scontent.fsgn2-6.fna.fbcdn.net/v/t1.6435-9/54435713_1097858383733899_2565263526427885568_n.jp_nc_cat=111&ccb=1-7&_nc_sid=ad2b24&_nc_ohc=PSCWCgK4qkYAX87Lrym&_nc_ht=scontent.fsgn2-6.fna&oh=00_AfDjvsYjb2F_NRjEbocvrJesou6qwcRdK5XDi3a3IaDyVw&oe=638C6C4E');
insert into employee (id, name, gender, email, address, phone_number, user_name, id_card, day_of_birth, image) values (22, 'Stinky Le Pruvost',1, 'slel@bloglovin.com', '9017', '0908022164', 'gbarriballg', '345339026', '2003-08-20', 'https://scontent.fsgn2-6.fna.fbcdn.net/v/t1.6435-9/54435713_1097858383733899_2565263526427885568_n.jpg_nc_cat=111&ccb=1-7&_nc_sid=ad2b24&_nc_ohc=PSCWCgK4qkYAX87Lrym&_nc_ht=scontent.fsgn2-6.fna&oh=00_AfDjvsYjb2F_NRjEbocvrJesou6qwcRdK5XDi3a3IaDyVw&oe=638C6C4E');
insert into employee (id, name, gender, email, address, phone_number, user_name, id_card, day_of_birth, image) values (23, 'Patrice Leare',0, 'plearem@dion.ne.jp', '2401', '0909081830', 'groberdsa', '776460111', '1986-08-30', 'https://scontent.fsgn2-6.fna.fbcdn.net/v/t1.6435-9/54435713_1097858383733899_2565263526427885568_n.jpg_nc_cat=111&ccb=1-7&_nc_sid=ad2b24&_nc_ohc=PSCWCgK4qkYAX87Lrym&_nc_ht=scontent.fsgn2-6.fna&oh=00_AfDjvsYjb2F_NRjEbocvrJesou6qwcRdK5XDi3a3IaDyVw&oe=638C6C4E');
insert into employee (id, name, gender, email, address, phone_number, user_name, id_card, day_of_birth, image) values (24, 'Brock Ludman',0, 'bludmann@umn.edu', '77', '0902819940', 'gsheepye', '999182766', '1995-05-27', 'https://scontent.fsgn2-6.fna.fbcdn.net/v/t1.6435-9/54435713_1097858383733899_2565263526427885568_n.jp_nc_cat=111&ccb=1-7&_nc_sid=ad2b24&_nc_ohc=PSCWCgK4qkYAX87Lrym&_nc_ht=scontent.fsgn2-6.fna&oh=00_AfDjvsYjb2F_NRjEbocvrJesou6qwcRdK5XDi3a3IaDyVw&oe=638C6C4E');
insert into employee (id, name, gender, email, address, phone_number, user_name, id_card, day_of_birth, image) values (25, 'Anneliese Hockell',0, 'ahockello@yahoo.com', '05484', '0904496360', 'idoick3', '323322573', '1999-11-20', 'https://scontent.fsgn2-6.fna.fbcdn.net/v/t1.6435-9/54435713_1097858383733899_2565263526427885568_n.jpg_nc_cat=111&ccb=1-7&_nc_sid=ad2b24&_nc_ohc=PSCWCgK4qkYAX87Lrym&_nc_ht=scontent.fsgn2-6.fna&oh=00_AfDjvsYjb2F_NRjEbocvrJesou6qwcRdK5XDi3a3IaDyVw&oe=638C6C4E');
insert into employee (id, name, gender, email, address, phone_number, user_name, id_card, day_of_birth, image) values (26, 'Joni Gallant',1, 'jgallantp@github.com', '799', '0904045208', 'ipottesd', '132994398', '1981-07-24', 'https://scontent.fsgn2-6.fna.fbcdn.net/v/t1.6435-9/54435713_1097858383733899_2565263526427885568_n.jpg_nc_cat=111&ccb=1-7&_nc_sid=ad2b24&_nc_ohc=PSCWCgK4qkYAX87Lrym&_nc_ht=scontent.fsgn2-6.fna&oh=00_AfDjvsYjb2F_NRjEbocvrJesou6qwcRdK5XDi3a3IaDyVw&oe=638C6C4E');
insert into employee (id, name, gender, email, address, phone_number, user_name, id_card, day_of_birth, image) values (27, 'Peterus Deedes',0, 'pdeedesq@dion.ne.jp', '24517', '0902310904', 'iyeats6', '220549382', '1988-03-23', 'https://scontent.fsgn2-6.fna.fbcdn.net/v/t1.6435-9/54435713_1097858383733899_2565263526427885568_n.jp_nc_cat=111&ccb=1-7&_nc_sid=ad2b24&_nc_ohc=PSCWCgK4qkYAX87Lrym&_nc_ht=scontent.fsgn2-6.fna&oh=00_AfDjvsYjb2F_NRjEbocvrJesou6qwcRdK5XDi3a3IaDyVw&oe=638C6C4E');
insert into employee (id, name, gender, email, address, phone_number, user_name, id_card, day_of_birth, image) values (28, 'Yancy Harcourt',1, 'yharcourtr@go.com', '19240', '0906352299', 'jpitcaithlyj', '718559223', '1993-06-13', 'https://scontent.fsgn2-6.fna.fbcdn.net/v/t1.6435-9/54435713_1097858383733899_2565263526427885568_n.jpg_nc_cat=111&ccb=1-7&_nc_sid=ad2b24&_nc_ohc=PSCWCgK4qkYAX87Lrym&_nc_ht=scontent.fsgn2-6.fna&oh=00_AfDjvsYjb2F_NRjEbocvrJesou6qwcRdK5XDi3a3IaDyVw&oe=638C6C4E');
insert into employee (id, name, gender, email, address, phone_number, user_name, id_card, day_of_birth, image) values (29, 'Jeffrey Cavet',1, 'jcavets@google.ru', '6', '0904461170', 'jtwyford9', '833739166', '1989-07-26', 'https://scontent.fsgn2-6.fna.fbcdn.net/v/t1.6435-9/54435713_1097858383733899_2565263526427885568_n.jp_nc_cat=111&ccb=1-7&_nc_sid=ad2b24&_nc_ohc=PSCWCgK4qkYAX87Lrym&_nc_ht=scontent.fsgn2-6.fna&oh=00_AfDjvsYjb2F_NRjEbocvrJesou6qwcRdK5XDi3a3IaDyVw&oe=638C6C4E');
insert into employee (id, name, gender, email, address, phone_number, user_name, id_card, day_of_birth, image) values (30, 'Danya Ghelardoni',1, 'dghelardonit@foxnews.com', '616', '0902379936', 'kduftonp', '057012847', '1983-01-04', 'https://scontent.fsgn2-6.fna.fbcdn.net/v/t1.6435-9/54435713_1097858383733899_2565263526427885568_n.jp_nc_cat=111&ccb=1-7&_nc_sid=ad2b24&_nc_ohc=PSCWCgK4qkYAX87Lrym&_nc_ht=scontent.fsgn2-6.fna&oh=00_AfDjvsYjb2F_NRjEbocvrJesou6qwcRdK5XDi3a3IaDyVw&oe=638C6C4E');

-- add customerType

insert into customer_type(id, name, is_delete) values(1, 'VIP', 0);
insert into customer_type(id, name, is_delete) values(2, 'Gold', 0);
insert into customer_type(id, name, is_delete) values(3, 'Silver', 0);
insert into customer_type(id, name, is_delete) values(4, 'VIP', 0);

-- add customer

insert into customer (id, name, gender, email, address, phone_number, user_name, id_card, day_of_birth, customer_type_id, is_delete) values (1, 'Barnie Boscher', 2, 'bboscher0@vistaprint.com', '5', '0909850091', 'zolliffb', '578856430', '1981-05-22', 1, 0);
insert into customer (id, name, gender, email, address, phone_number, user_name, id_card, day_of_birth, customer_type_id, is_delete) values (2, 'Smith Pattisson', 0, 'spattisson1@unesco.org', '2', '0909389535', 'wstrangwoodf', '008204972', '1999-02-01', 2, 0);
insert into customer (id, name, gender, email, address, phone_number, user_name, id_card, day_of_birth, customer_type_id, is_delete) values (3, 'Ruthanne Puckham', 1, 'rpuckham2@samsung.com', '37935', '0904179229', 'wkleinhausen2', '623454746', '1985-04-16', 3, 0);
insert into customer (id, name, gender, email, address, phone_number, user_name, id_card, day_of_birth, customer_type_id, is_delete) values (4, 'Dael Philippsohn', 2, 'dphilippsohn3@wiley.com', '00617', '0902545816', 'wforthi', '085658315', '2001-05-23', 4, 0);
insert into customer (id, name, gender, email, address, phone_number, user_name, id_card, day_of_birth, customer_type_id, is_delete) values (5, 'Tasia Heyball', 0, 'theyball4@army.mil', '5', '0904269448', 'wdanneill', '187876649', '1984-08-01', 1, 0);
insert into customer (id, name, gender, email, address, phone_number, user_name, id_card, day_of_birth, customer_type_id, is_delete) values (6, 'Dalila Blindt', 0, 'dblindt5@yellowbook.com', '99', '0906017553', 'vkunkel0', '589646621', '1999-01-13', 4, 0);
insert into customer (id, name, gender, email, address, phone_number, user_name, id_card, day_of_birth, customer_type_id, is_delete) values (7, 'Kain Staves', 2, 'kstaves6@loc.gov', '5', '0905355065', 'tromeo3', '881520441', '1994-02-12', 4,0);
insert into customer (id, name, gender, email, address, phone_number, user_name, id_card, day_of_birth, customer_type_id, is_delete) values (8, 'Dasya Giraudeau', 2, 'dgiraudeau7@gizmodo.com', '74582', '0908127322', 'thradskyq', '548151007', '1993-09-19', 1, 0);
insert into customer (id, name, gender, email, address, phone_number, user_name, id_card, day_of_birth, customer_type_id, is_delete) values (9, 'Alwin Guage', 1, 'aguage8@google.es', '874', '0907684254', 'tchapplei', '459178610', '1993-08-31', 2, 0);
insert into customer (id, name, gender, email, address, phone_number, user_name, id_card, day_of_birth, customer_type_id, is_delete) values (10, 'Peterus McNamee', 2, 'pmcnamee9@economist.com', '742', '0904645577', 'ssodorh', '319644164', '1981-11-06', 2, 0);
insert into customer (id, name, gender, email, address, phone_number, user_name, id_card, day_of_birth, customer_type_id, is_delete) values (11, 'Olimpia Culbard', 1, 'oculbarda@biblegateway.com', '54', '0903958820', 'ssauvano', '217742362', '2004-09-21', 3, 0);
insert into customer (id, name, gender, email, address, phone_number, user_name, id_card, day_of_birth, customer_type_id, is_delete) values (12, 'Gael Boram', 1, 'gboramb@narod.ru', '87', '0900131745', 'slatesp', '153899725', '1988-09-21', 2, 0);
insert into customer (id, name, gender, email, address, phone_number, user_name, id_card, day_of_birth, customer_type_id, is_delete) values (13, 'Xylia Tabrett', 1, 'xtabrettc@skyrock.com', '34828', '0907705840', 'scoatene', '876640657', '2000-02-24', 3, 0);
insert into customer (id, name, gender, email, address, phone_number, user_name, id_card, day_of_birth, customer_type_id, is_delete) values (14, 'Tabby Frapwell', 1, 'tfrapwelld@4shared.com', '76', '0900801599', 'sbirrel9', '086760931', '1988-10-15', 2, 0);
insert into customer (id, name, gender, email, address, phone_number, user_name, id_card, day_of_birth, customer_type_id, is_delete) values (15, 'Vance Wharmby', 2, 'vwharmbye@squarespace.com', '460', '0900874836', 'rskylett6', '051920109', '1998-10-10', 1, 0);
insert into customer (id, name, gender, email, address, phone_number, user_name, id_card, day_of_birth, customer_type_id, is_delete) values (16, 'Clo Maryon', 2, 'cmaryonf@craigslist.org', '64', '0905128238', 'rpalin4', '926846990', '1987-02-07', 1, 0);
insert into customer (id, name, gender, email, address, phone_number, user_name, id_card, day_of_birth, customer_type_id, is_delete) values (17, 'Iolanthe Trammel', 1, 'itrammelg@unblog.fr', '27574', '0909177227', 'rlomazn', '049697259', '1983-09-26', 1, 0);
insert into customer (id, name, gender, email, address, phone_number, user_name, id_card, day_of_birth, customer_type_id, is_delete) values (18, 'Winny Weigh', 0, 'wweighh@stumbleupon.com', '60', '0902997392', 'rdavsonl', '394428330', '1995-05-24', 1, 0);
insert into customer (id, name, gender, email, address, phone_number, user_name, id_card, day_of_birth, customer_type_id, is_delete) values (19, 'Valida Stollsteiner', 0, 'vstollsteineri@1688.com', '268', '0905392315', 'ralbro8', '718482370', '2000-10-29', 1, 0);
insert into customer (id, name, gender, email, address, phone_number, user_name, id_card, day_of_birth, customer_type_id, is_delete) values (20, 'Elsworth Christoforou', 2, 'echristoforouj@webeden.co.uk', '05', '0902216030', 'ppulley1', '359284400', '2001-10-14', 1, 0);
insert into customer (id, name, gender, email, address, phone_number, user_name, id_card, day_of_birth, customer_type_id, is_delete) values (21, 'Elna Freathy', 0, 'efreathyk@ehow.com', '6', '0908195242', 'phover8', '147745186', '1982-04-20', 2, 0);
insert into customer (id, name, gender, email, address, phone_number, user_name, id_card, day_of_birth, customer_type_id, is_delete) values (22, 'Baillie Alabastar', 1, 'balabastarl@godaddy.com', '96', '0909431690', 'pgreggersenc', '888399782', '1994-01-25', 3, 0);
insert into customer (id, name, gender, email, address, phone_number, user_name, id_card, day_of_birth, customer_type_id, is_delete) values (23, 'Saunder Timson', 0, 'stimsonm@oracle.com', '79856', '0904878157', 'pbisleys', '991125099', '1985-12-18', 3, 0);
insert into customer (id, name, gender, email, address, phone_number, user_name, id_card, day_of_birth, customer_type_id, is_delete) values (24, 'Roby Northwood', 1, 'rnorthwoodn@barnesandnoble.com', '3', '0903919091', 'mtorel5', '555051304', '1995-01-04', 3, 0);
insert into customer (id, name, gender, email, address, phone_number, user_name, id_card, day_of_birth, customer_type_id, is_delete) values (25, 'Nelle Ortells', 1, 'nortellso@mac.com', '4', '0903495537', 'mclarson0', '095956778', '2004-01-15', 3, 0);
insert into customer (id, name, gender, email, address, phone_number, user_name, id_card, day_of_birth, customer_type_id, is_delete) values (26, 'Minnnie Christofides', 2, 'mchristofidesp@usa.gov', '68469', '0908113141', 'ljoustk', '573485948', '1982-01-28', 3, 0);
insert into customer (id, name, gender, email, address, phone_number, user_name, id_card, day_of_birth, customer_type_id, is_delete) values (27, 'Starla Ringe', 2, 'sringeq@bizjournals.com', '09251', '0903917466', 'lgrossman7', '697764799', '1988-08-06', 1, 0);
insert into customer (id, name, gender, email, address, phone_number, user_name, id_card, day_of_birth, customer_type_id, is_delete) values (28, 'Daffie Garrat', 2, 'dgarratr@businessweek.com', '428', '0907766438', 'lgillebride5', '017454883', '1986-03-08', 3, 0);
insert into customer (id, name, gender, email, address, phone_number, user_name, id_card, day_of_birth, customer_type_id, is_delete) values (29, 'Bettine Paten', 2, 'bpatens@ed.gov', '7605', '0901660604', 'ldaykinc', '199608495', '1988-07-20', 2, 0);
insert into customer (id, name, gender, email, address, phone_number, user_name, id_card, day_of_birth, customer_type_id, is_delete) values (30, 'Gardner Couldwell', 2, 'gcouldwellt@reuters.com', '7', '0900383254', 'kmacallisterh', '742660996', '2003-05-09', 1, 0);

-- add seat

insert into seat (id, name, is_delete) values (1, 'A01', 0);
insert into seat (id, name, is_delete) values (2, 'A02', 0);
insert into seat (id, name, is_delete) values (3, 'A03', 0);
insert into seat (id, name, is_delete) values (4, 'A04', 0);
insert into seat (id, name, is_delete) values (5, 'A05', 0);
insert into seat (id, name, is_delete) values (6, 'A06', 0);
insert into seat (id, name, is_delete) values (7, 'A07', 0);
insert into seat (id, name, is_delete) values (8, 'A08', 0);
insert into seat (id, name, is_delete) values (9, 'A09', 0);
insert into seat (id, name, is_delete) values (10, 'A10', 0);
insert into seat (id, name, is_delete) values (11, 'A11', 0);
insert into seat (id, name, is_delete) values (12, 'A12', 0);
insert into seat (id, name, is_delete) values (13, 'B01', 0);
insert into seat (id, name, is_delete) values (14, 'B02', 0);
insert into seat (id, name, is_delete) values (15, 'B03', 0);
insert into seat (id, name, is_delete) values (16, 'B04', 0);
insert into seat (id, name, is_delete) values (17, 'B05', 0);
insert into seat (id, name, is_delete) values (18, 'B06', 0);
insert into seat (id, name, is_delete) values (19, 'B07', 0);
insert into seat (id, name, is_delete) values (20, 'B08', 0);
insert into seat (id, name, is_delete) values (21, 'B09', 0);
insert into seat (id, name, is_delete) values (22, 'B10', 0);
insert into seat (id, name, is_delete) values (23, 'B11', 0);
insert into seat (id, name, is_delete) values (24, 'B12', 0);

-- add type_seat

insert into seat_type (id, name, is_delete, price) values (1, 'Ghê thường', 0, 25000);
insert into seat_type (id, name, is_delete, price) values (2, 'Ghế Vip', 0, 50000);
insert into seat_type (id, name, is_delete, price) values (3, 'Ghế đôi', 0, 75000);


-- add room

insert into room (id, name, is_delete, maximum_seats_in_room) values (1, 'Brockie', 0, 24);
insert into room (id, name, is_delete, maximum_seats_in_room) values (2, 'Barnie', 0, 24);
insert into room (id, name, is_delete, maximum_seats_in_room) values (3, 'Sascha', 0, 36);
insert into room (id, name, is_delete, maximum_seats_in_room) values (4, 'Alvie', 0, 36);
insert into room (id, name, is_delete, maximum_seats_in_room) values (5, 'Kevon', 0, 24);
insert into room (id, name, is_delete, maximum_seats_in_room) values (6, 'Archie', 0, 36);
insert into room (id, name, is_delete, maximum_seats_in_room) values (7, 'Iorgos', 0, 48);
insert into room (id, name, is_delete, maximum_seats_in_room) values (8, 'Rickie', 0, 60);
insert into room (id, name, is_delete, maximum_seats_in_room) values (9, 'Dare', 0, 60);
insert into room (id, name, is_delete, maximum_seats_in_room) values (10, 'Park', 0, 60);



-- add seat_room

insert into seat_room ( room_id, seat_id, seat_type_id) values (1, 1, 1);
insert into seat_room ( room_id, seat_id, seat_type_id) values (1, 2, 1);
insert into seat_room ( room_id, seat_id, seat_type_id) values (1, 3, 1);
insert into seat_room ( room_id, seat_id, seat_type_id) values (1, 4, 1);
insert into seat_room ( room_id, seat_id, seat_type_id) values (1, 5, 1);
insert into seat_room ( room_id, seat_id, seat_type_id) values (1, 6, 1);
insert into seat_room ( room_id, seat_id, seat_type_id) values (1, 7, 1);
insert into seat_room ( room_id, seat_id, seat_type_id) values (1, 8, 1);
insert into seat_room ( room_id, seat_id, seat_type_id) values (1, 9, 1);
insert into seat_room ( room_id, seat_id, seat_type_id) values (1, 10, 1);
insert into seat_room ( room_id, seat_id, seat_type_id) values (1, 11, 1);
insert into seat_room ( room_id, seat_id, seat_type_id) values (1, 12, 1);
insert into seat_room ( room_id, seat_id, seat_type_id) values (1, 13, 1);
insert into seat_room ( room_id, seat_id, seat_type_id) values (1, 14, 1);
insert into seat_room ( room_id, seat_id, seat_type_id) values (1, 15, 1);
insert into seat_room ( room_id, seat_id, seat_type_id) values (1, 16, 1);
insert into seat_room ( room_id, seat_id, seat_type_id) values (1, 17, 1);
insert into seat_room ( room_id, seat_id, seat_type_id) values (1, 18, 1);
insert into seat_room ( room_id, seat_id, seat_type_id) values (1, 19, 1);
insert into seat_room ( room_id, seat_id, seat_type_id) values (1, 20, 1);
insert into seat_room ( room_id, seat_id, seat_type_id) values (1, 21, 1);
insert into seat_room ( room_id, seat_id, seat_type_id) values (1, 22, 1);
insert into seat_room ( room_id, seat_id, seat_type_id) values (1, 23, 1);
insert into seat_room ( room_id, seat_id, seat_type_id) values (1, 24, 1);
insert into seat_room ( room_id, seat_id, seat_type_id) values (2, 1, 1);
insert into seat_room ( room_id, seat_id, seat_type_id) values (2, 2, 1);
insert into seat_room ( room_id, seat_id, seat_type_id) values (2, 3, 1);
insert into seat_room ( room_id, seat_id, seat_type_id) values (2, 4, 1);
insert into seat_room ( room_id, seat_id, seat_type_id) values (2, 5, 1);
insert into seat_room ( room_id, seat_id, seat_type_id) values (2, 6, 1);
insert into seat_room ( room_id, seat_id, seat_type_id) values (2, 7, 1);
insert into seat_room ( room_id, seat_id, seat_type_id) values (2, 8, 1);
insert into seat_room ( room_id, seat_id, seat_type_id) values (2, 9, 1);
insert into seat_room ( room_id, seat_id, seat_type_id) values (2, 10, 1);
insert into seat_room ( room_id, seat_id, seat_type_id) values (2, 11, 1);
insert into seat_room ( room_id, seat_id, seat_type_id) values (2, 12, 1);
insert into seat_room ( room_id, seat_id, seat_type_id) values (2, 13, 1);
insert into seat_room ( room_id, seat_id, seat_type_id) values (2, 14, 1);
insert into seat_room ( room_id, seat_id, seat_type_id) values (2, 15, 1);
insert into seat_room ( room_id, seat_id, seat_type_id) values (2, 16, 1);
insert into seat_room ( room_id, seat_id, seat_type_id) values (2, 17, 1);
insert into seat_room ( room_id, seat_id, seat_type_id) values (2, 18, 1);
insert into seat_room ( room_id, seat_id, seat_type_id) values (2, 19, 1);
insert into seat_room ( room_id, seat_id, seat_type_id) values (2, 20, 1);
insert into seat_room ( room_id, seat_id, seat_type_id) values (2, 21, 1);
insert into seat_room ( room_id, seat_id, seat_type_id) values (2, 22, 1);
insert into seat_room ( room_id, seat_id, seat_type_id) values (2, 23, 1);
insert into seat_room ( room_id, seat_id, seat_type_id) values (2, 24, 1);

insert into seat_room ( room_id, seat_id, seat_type_id) values (3, 1, 1);
insert into seat_room ( room_id, seat_id, seat_type_id) values (3, 2, 1);
insert into seat_room ( room_id, seat_id, seat_type_id) values (3, 3, 1);
insert into seat_room ( room_id, seat_id, seat_type_id) values (3, 4, 1);
insert into seat_room ( room_id, seat_id, seat_type_id) values (3, 5, 1);
insert into seat_room ( room_id, seat_id, seat_type_id) values (3, 6, 1);
insert into seat_room ( room_id, seat_id, seat_type_id) values (3, 7, 1);
insert into seat_room ( room_id, seat_id, seat_type_id) values (3, 8, 1);
insert into seat_room ( room_id, seat_id, seat_type_id) values (3, 9, 1);
insert into seat_room ( room_id, seat_id, seat_type_id) values (3, 10, 1);
insert into seat_room ( room_id, seat_id, seat_type_id) values (3, 11, 1);
insert into seat_room ( room_id, seat_id, seat_type_id) values (3, 12, 1);
insert into seat_room ( room_id, seat_id, seat_type_id) values (3, 13, 1);
insert into seat_room ( room_id, seat_id, seat_type_id) values (3, 14, 1);
insert into seat_room ( room_id, seat_id, seat_type_id) values (3, 15, 1);
insert into seat_room ( room_id, seat_id, seat_type_id) values (3, 16, 1);
insert into seat_room ( room_id, seat_id, seat_type_id) values (3, 17, 1);
insert into seat_room ( room_id, seat_id, seat_type_id) values (3, 18, 1);
insert into seat_room ( room_id, seat_id, seat_type_id) values (3, 19, 1);
insert into seat_room ( room_id, seat_id, seat_type_id) values (3, 20, 1);
insert into seat_room ( room_id, seat_id, seat_type_id) values (3, 21, 1);
insert into seat_room ( room_id, seat_id, seat_type_id) values (3, 22, 1);
insert into seat_room ( room_id, seat_id, seat_type_id) values (3, 23, 1);
insert into seat_room ( room_id, seat_id, seat_type_id) values (3, 24, 1);

insert into seat_room ( room_id, seat_id, seat_type_id) values (4, 1, 1);
insert into seat_room ( room_id, seat_id, seat_type_id) values (4, 2, 1);
insert into seat_room ( room_id, seat_id, seat_type_id) values (4, 3, 1);
insert into seat_room ( room_id, seat_id, seat_type_id) values (4, 4, 1);
insert into seat_room ( room_id, seat_id, seat_type_id) values (4, 5, 1);
insert into seat_room ( room_id, seat_id, seat_type_id) values (4, 6, 1);
insert into seat_room ( room_id, seat_id, seat_type_id) values (4, 7, 1);
insert into seat_room ( room_id, seat_id, seat_type_id) values (4, 8, 1);
insert into seat_room ( room_id, seat_id, seat_type_id) values (4, 9, 1);
insert into seat_room ( room_id, seat_id, seat_type_id) values (4, 10, 1);
insert into seat_room ( room_id, seat_id, seat_type_id) values (4, 11, 1);
insert into seat_room ( room_id, seat_id, seat_type_id) values (4, 12, 1);
insert into seat_room ( room_id, seat_id, seat_type_id) values (4, 13, 1);
insert into seat_room ( room_id, seat_id, seat_type_id) values (4, 14, 1);
insert into seat_room ( room_id, seat_id, seat_type_id) values (4, 15, 1);
insert into seat_room ( room_id, seat_id, seat_type_id) values (4, 16, 1);
insert into seat_room ( room_id, seat_id, seat_type_id) values (4, 17, 1);
insert into seat_room ( room_id, seat_id, seat_type_id) values (4, 18, 1);
insert into seat_room ( room_id, seat_id, seat_type_id) values (4, 19, 1);
insert into seat_room ( room_id, seat_id, seat_type_id) values (4, 20, 1);
insert into seat_room ( room_id, seat_id, seat_type_id) values (4, 21, 1);
insert into seat_room ( room_id, seat_id, seat_type_id) values (4, 22, 1);
insert into seat_room ( room_id, seat_id, seat_type_id) values (4, 23, 1);
insert into seat_room ( room_id, seat_id, seat_type_id) values (4, 24, 1);

insert into seat_room ( room_id, seat_id, seat_type_id) values (5, 1, 1);
insert into seat_room ( room_id, seat_id, seat_type_id) values (5, 2, 1);
insert into seat_room ( room_id, seat_id, seat_type_id) values (5, 3, 1);
insert into seat_room ( room_id, seat_id, seat_type_id) values (5, 4, 1);
insert into seat_room ( room_id, seat_id, seat_type_id) values (5, 5, 1);
insert into seat_room ( room_id, seat_id, seat_type_id) values (5, 6, 1);
insert into seat_room ( room_id, seat_id, seat_type_id) values (5, 7, 1);
insert into seat_room ( room_id, seat_id, seat_type_id) values (5, 8, 1);
insert into seat_room ( room_id, seat_id, seat_type_id) values (5, 9, 1);
insert into seat_room ( room_id, seat_id, seat_type_id) values (5, 10, 1);
insert into seat_room ( room_id, seat_id, seat_type_id) values (5, 11, 1);
insert into seat_room ( room_id, seat_id, seat_type_id) values (5, 12, 1);
insert into seat_room ( room_id, seat_id, seat_type_id) values (5, 13, 1);
insert into seat_room ( room_id, seat_id, seat_type_id) values (5, 14, 1);
insert into seat_room ( room_id, seat_id, seat_type_id) values (5, 15, 1);
insert into seat_room ( room_id, seat_id, seat_type_id) values (5, 16, 1);
insert into seat_room ( room_id, seat_id, seat_type_id) values (5, 17, 1);
insert into seat_room ( room_id, seat_id, seat_type_id) values (5, 18, 1);
insert into seat_room ( room_id, seat_id, seat_type_id) values (5, 19, 1);
insert into seat_room ( room_id, seat_id, seat_type_id) values (5, 20, 1);
insert into seat_room ( room_id, seat_id, seat_type_id) values (5, 21, 1);
insert into seat_room ( room_id, seat_id, seat_type_id) values (5, 22, 1);
insert into seat_room ( room_id, seat_id, seat_type_id) values (5, 23, 1);
insert into seat_room ( room_id, seat_id, seat_type_id) values (5, 24, 1);



-- add Roles
INSERT INTO `project_module_6_v3`.`role` (`id`, `name`, `is_delete`) VALUES ('1', 'customer', b'0');
INSERT INTO `project_module_6_v3`.`role` (`id`, `name`, `is_delete`) VALUES ('2', 'employee', b'0');
INSERT INTO `project_module_6_v3`.`role` (`id`, `name`, `is_delete`) VALUES ('3', 'admin', b'0');

--- add Promotion
insert into promotion(`name`,image,start_time,end_time,detail,discount)
values
('Khuyến mãi năm mới','https://img.websosanh.vn/v10/users/review/images/71lfkzep6qyvw/cvdgvxp-770x403.jpg?compress=85','2022-11-10','2022-11-15','giảm giá chương trình','5'),
('Khuyến mãi Valentine','https://static.mservice.io/blogscontents/momo-upload-api-200528143622-637262733826352434.jpg','2022-11-16','2022-11-18','giảm giá vé','10'),
('Khuyến mãi sinh nhật','https://static.mservice.io/cinema/momo-upload-api-210823085323-637653056030054568.jpg','2022-11-19','2022-11-23','giảm giá chương trình','6'),
('Khuyến mãi ngày quốc tế phụ nữ','https://img.websosanh.vn/v10/users/review/images/71lfkzep6qyvw/cvdgvxp-770x403.jpg?compress=85','2022-03-08','2022-03-09','giảm giá chương trình','10'),
('Khuyến mãi mồng 10 tháng 3','https://media.foody.vn/res/g5/44199/prof/s/foody-upload-api-foody-mobile-cover-galaxy-cinema-210313150403.jpg?compress=85','2022-04-08','2022-04-09','giảm giá chương trình','5'),
('Khuyến mãi 30 tháng 4','https://img.websosanh.vn/v10/users/review/images/71lfkzep6qyvw/cvdgvxp-770x403.jpg?compress=85','2022-04-30','2022-04-01','giảm giá chương trình','5'),
('Khuyến mãi thứ tư vui vẻ','https://www.galaxycine.vn/media/2019/2/12/c-users-nghiepnt-appdata-local-packages-microsoft-skypeapp-kzf8qxf38zg5c-localstate-43123d97-4a1e-4695-a693-42ec212462a0_1549944569451.jpg','2022-05-20','2022-05-21','giảm giá chương trình','6'),
('Khuyến mãi thứ hai vui vẻ','https://cdn.jamja.vn/blog/wp-content/uploads/2018/05/happy-day-tai-galaxy-quang-trung.png','2022-05-22','2022-05-23','giảm giá chương trình','7'),
('Khuyến mãi năm mới','https://img.websosanh.vn/v10/users/review/images/71lfkzep6qyvw/cvdgvxp-770x403.jpg?compress=85','2022-11-10','2022-11-15','giảm giá chương trình','5'),
('Khuyến mãi Valentine','https://img.websosanh.vn/v10/users/review/images/71lfkzep6qyvw/cvdgvxp-770x403.jpg?compress=85','2022-11-16','2022-11-18','giảm giá chương trình','7'),
('Khuyến mãi sinh nhật','https://img.websosanh.vn/v10/users/review/images/71lfkzep6qyvw/cvdgvxp-770x403.jpg?compress=85','2022-11-19','2022-11-23','giảm giá chương trình','6'),
('Khuyến mãi ngày quốc tế phụ nữ','https://img.websosanh.vn/v10/users/review/images/71lfkzep6qyvw/cvdgvxp-770x403.jpg?compress=85','2022-03-08','2022-03-09','giảm giá chương trình','10'),
('Khuyến mãi mồng 10 tháng 3','https://img.websosanh.vn/v10/users/review/images/71lfkzep6qyvw/cvdgvxp-770x403.jpg?compress=85','2022-04-08','2022-04-09','giảm giá chương trình','5'),
('Khuyến mãi quốc khánh','https://img.websosanh.vn/v10/users/review/images/71lfkzep6qyvw/cvdgvxp-770x403.jpg?compress=85','2022-09-02','2022-09-03','giảm giá chương trình','10'),
('Khuyến mãi 20/11','https://img.websosanh.vn/v10/users/review/images/71lfkzep6qyvw/cvdgvxp-770x403.jpg?compress=85','2022-11-20','2022-11-21','giảm giá chương trình','18'),
('Khuyến mãi thứ tư vui vẻ','https://www.galaxycine.vn/media/2019/2/12/c-users-nghiepnt-appdata-local-packages-microsoft-skypeapp-kzf8qxf38zg5c-localstate-43123d97-4a1e-4695-a693-42ec212462a0_1549944569451.jpg','2022-05-20','2022-05-21','giảm giá chương trình','6'),
('Khuyến mãi thứ hai vui vẻ','https://cdn.jamja.vn/blog/wp-content/uploads/2018/05/happy-day-tai-galaxy-quang-trung.png','2022-05-22','2022-05-23','giảm giá chương trình','7'),
('Khuyến mãi 22/12','https://img.websosanh.vn/v10/users/review/images/71lfkzep6qyvw/cvdgvxp-770x403.jpg?compress=85','2022-12-22','2022-12-23','giảm giá chương trình','7'),
('Khuyến mãi tết dương','https://www.galaxycine.vn/media/2021/3/1/1135x660_1614586717260.jpg','2023-01-01','2023-01-01','giảm giá chương trình','10'),
('Khuyến mãi tết nguyên đán','https://www.galaxycine.vn/media/2021/3/1/1135x660_1614586717260.jpg','2023-02-22','2023-02-22','giảm giá chương trình','10');

-- add time

insert into times(start_time) 
values 
('07:00:00'),
('08:00:00'),
('08:00:00'),
('09:00:00'),
('10:00:00'),
('11:00:00'),
('13:00:00'),
('14:00:00'),
('15:00:00'),
('16:00:00'),
('17:00:00'),
('19:00:00'),
('21:00:00');

-- add movie-type
insert into movie_type(name) 
value
('Hành động'),
('Viễn tượng'),
('Hoạt hình'),
('Võ thuật'),
('Hài hước'),
('Chiến tranh'),
('Kinh dị'),
('Kinh điện'),
('Lãng mạn'),
('Kiếm hiệp'),
('Phiêu lưu'),
('Tâm lý'),
('Tình cảm'),
('Âm nhạc');

-- add movie
insert into movie (name, image, start_day, end_day, director , film_time, trailer, movie_type_id, content, film_studio, actor, version, employee_id) values ('Alfie', 'http://dummyimage.com/108x100.png/ff4444/ffffff', '2023-03-16', '2023-10-06', 'Gard McGibbon', 158, 'http://dummyimage.com/116x100.png/cc0000/ffffff', 10, 'Comedy|Drama|Romance', 'Flashspan', 'Aldrich Izon', 1, 27);
insert into movie (name, image, start_day, end_day, director , film_time, trailer, movie_type_id, content, film_studio, actor, version, employee_id) values ('Reincarnated', 'http://dummyimage.com/185x100.png/dddddd/000000', '2023-03-16', '2023-01-18', 'Gaye Barnsley', 131, 'http://dummyimage.com/232x100.png/5fa2dd/ffffff', 10, 'Adventure|Documentary', 'Roomm', 'Maurie Hryniewicki', 1, 29);
insert into movie (name, image, start_day, end_day, director , film_time, trailer, movie_type_id, content, film_studio, actor, version, employee_id) values ('Ghost Son', 'http://dummyimage.com/146x100.png/ff4444/ffffff', '2023-08-16', '2023-04-27', 'Daile Gowrie', 140, 'http://dummyimage.com/177x100.png/ff4444/ffffff', 4, 'Drama|Horror|Mystery|Thriller', 'Brightbean', 'Jaquelyn Clampe', 1, 15);
insert into movie (name, image, start_day, end_day, director , film_time, trailer, movie_type_id, content, film_studio, actor, version, employee_id) values ('Everybody''s Acting', 'http://dummyimage.com/227x100.png/ff4444/ffffff', '2023-09-21', '2023-01-05', 'Alec Breffitt', 144, 'http://dummyimage.com/240x100.png/5fa2dd/ffffff', 5, 'Drama|Romance', 'Quinu', 'Reinaldos Hanlon', 2, 14);
insert into movie (name, image, start_day, end_day, director , film_time, trailer, movie_type_id, content, film_studio, actor, version, employee_id) values ('Welcome to the Jungle', 'http://dummyimage.com/192x100.png/5fa2dd/ffffff', '2023-03-31', '2023-03-05', 'Dwain Giorgione', 156, 'http://dummyimage.com/178x100.png/dddddd/000000', 4, 'Horror', 'Realmix', 'Isabelle Darby', 2, 19);
insert into movie (name, image, start_day, end_day, director , film_time, trailer, movie_type_id, content, film_studio, actor, version, employee_id) values ('Creature from Black Lake ', 'http://dummyimage.com/107x100.png/ff4444/ffffff', '2023-04-17', '2022-12-30', 'Meyer Noblett', 115, 'http://dummyimage.com/200x100.png/dddddd/000000', 2, 'Drama|Horror|Mystery', 'Shuffledrive', 'Lois Gotthard.sf', 1, 28);
insert into movie (name, image, start_day, end_day, director , film_time, trailer, movie_type_id, content, film_studio, actor, version, employee_id) values ('Antwone Fisher', 'http://dummyimage.com/136x100.png/ff4444/ffffff', '2023-03-29', '2023-07-16', 'Carey Meriton', 133, 'http://dummyimage.com/182x100.png/dddddd/000000', 3, 'Drama', 'Tazzy', 'Harmonia Brambley', 2, 26);
insert into movie (name, image, start_day, end_day, director , film_time, trailer, movie_type_id, content, film_studio, actor, version, employee_id) values ('Elite Squad: The Enemy Within (Tropa de Elite 2 - O Inimigo Agora É Outro)', 'http://dummyimage.com/229x100.png/dddddd/000000', '2023-04-10', '2023-03-02', 'Nevile Vaillant', 177, 'http://dummyimage.com/187x100.png/ff4444/ffffff', 12, 'Action|Crime|Drama', 'Feednation', 'Livvyy Andreasson', 1, 7);
insert into movie (name, image, start_day, end_day, director , film_time, trailer, movie_type_id, content, film_studio, actor, version, employee_id) values ('A Smoky Mountain Christmas', 'http://dummyimage.com/211x100.png/dddddd/000000', '2023-03-24', '2023-05-23', 'Joanna Pawel', 153, 'http://dummyimage.com/148x100.png/ff4444/ffffff', 1, 'Fantasy', 'Reallinks', 'Pammy Klein', 1, 23);
insert into movie (name, image, start_day, end_day, director , film_time, trailer, movie_type_id, content, film_studio, actor, version, employee_id) values ('My Foolish Heart', 'http://dummyimage.com/200x100.png/ff4444/ffffff', '2023-04-02', '2023-04-25', 'Baxter Pell', 97, 'http://dummyimage.com/175x100.png/5fa2dd/ffffff', 6, 'Drama', 'Yata', 'Bernetta Dalling', 2, 27);
-- add show-times
insert into show_times(date_projection, times_id, movie_id, room_id)
value
('2022-11-13', 1, 1, 1),
('2022-11-14', 1, 2, 1),
('2022-11-15', 2, 1, 1),
('2022-11-16', 3, 1, 2),
('2022-11-17', 3, 2, 3);